City_ID,City,Country,Lat,Lng,Max Temp,Humidity,Cloudiness,Wind Speed,Current Description
0,Lukulu,ZM,-14.3707,23.242,70.25,65,65,4.38,broken clouds
1,Butembo,CD,0.15,29.2833,59.0,99,90,1.43,light rain
2,Mataura,NZ,-46.1927,168.8643,50.49,84,13,6.11,few clouds
3,Albany,US,42.6001,-73.9662,66.24,34,100,5.99,overcast clouds
4,Avarua,CK,-21.2078,-159.775,71.65,100,85,3.44,overcast clouds
5,Tura,IN,25.5198,90.2201,75.07,53,0,5.7,clear sky
6,Rikitea,PF,-23.1203,-134.9692,75.33,78,100,12.03,overcast clouds
7,Yar-Sale,RU,66.8333,70.8333,15.55,95,54,7.76,broken clouds
8,Tiksi,RU,71.6872,128.8694,-6.23,100,98,3.13,overcast clouds
9,Hilo,US,19.7297,-155.09,72.28,93,75,4.61,broken clouds
10,Inta,RU,66.0317,60.1659,30.72,88,99,12.24,overcast clouds
11,Deer Lake,CA,49.1667,-57.4316,44.46,76,100,12.66,overcast clouds
12,Belaya Gora,RU,68.5333,146.4167,-3.86,100,71,3.89,broken clouds
13,Barstow,US,34.8986,-117.0228,70.16,10,50,10.87,scattered clouds
14,Tasiilaq,GL,65.6145,-37.6368,37.56,95,100,8.79,light rain
15,Atuona,PF,-9.8,-139.0333,78.76,73,29,15.77,scattered clouds
16,Qaanaaq,GL,77.484,-69.3632,10.94,66,91,5.06,overcast clouds
17,Hermanus,ZA,-34.4187,19.2345,60.8,71,0,6.13,clear sky
18,Cabo San Lucas,MX,22.8909,-109.9124,85.3,70,0,6.91,clear sky
19,Kapaa,US,22.0752,-159.319,73.47,84,20,14.97,few clouds
20,Laguna,US,38.421,-121.4238,71.08,46,0,5.75,clear sky
21,Sombreffe,BE,50.5286,4.5984,54.01,75,20,5.75,few clouds
22,Sambava,MG,-14.2667,50.1667,76.75,85,64,9.06,light rain
23,Hasaki,JP,35.7333,140.8333,59.4,89,98,6.06,overcast clouds
24,Esperance,AU,-33.8667,121.9,68.31,46,100,23.82,overcast clouds
25,Boke,GN,10.9409,-14.2967,101.23,24,46,8.75,scattered clouds
26,Isiro,CD,2.7739,27.616,69.06,93,100,4.65,light rain
27,Rodby,DK,54.695,11.3889,52.12,65,44,1.97,scattered clouds
28,Inisa,NG,7.85,4.3333,88.54,56,58,1.19,broken clouds
29,Ruteng,ID,-8.6136,120.4721,59.54,83,94,1.41,overcast clouds
30,Chongqing,CN,29.5628,106.5528,73.09,79,86,0.81,overcast clouds
31,Tuy Hoa,VN,13.0833,109.3,76.24,92,13,4.23,few clouds
32,Tuktoyaktuk,CA,69.4541,-133.0374,32.18,91,100,3.83,overcast clouds
33,Dingzhou,CN,38.5131,114.9956,64.4,63,1,4.92,clear sky
34,Punta Arenas,CL,-53.15,-70.9167,44.71,81,75,17.27,broken clouds
35,Yulara,AU,-25.2406,130.9889,60.1,74,22,7.61,few clouds
36,Constitucion,CL,-35.3333,-72.4167,56.25,79,100,7.27,overcast clouds
37,Gold Coast,AU,-28.0,153.4333,66.99,84,40,6.91,scattered clouds
38,Namatanai,PG,-3.6667,152.4333,78.64,80,100,4.09,light rain
39,Saint-Philippe,RE,-21.3585,55.7679,73.22,83,44,16.37,light rain
40,Coihaique,CL,-45.5752,-72.0662,41.61,87,100,5.75,light rain
41,Bani Walid,LY,31.7566,13.9942,74.62,22,93,16.96,overcast clouds
42,Batsfjord,NO,70.6345,29.7185,29.98,93,100,20.71,light snow
43,Caborca,MX,30.5838,-111.101,80.92,8,0,1.66,clear sky
44,Fuerte,PH,17.5381,120.3644,82.26,76,30,5.17,scattered clouds
45,Carnarvon,AU,-24.8667,113.6333,68.07,83,40,3.44,scattered clouds
46,Dunedin,NZ,-45.8742,170.5036,48.79,70,6,5.99,clear sky
47,Mar Del Plata,AR,-38.0023,-57.5575,68.02,68,0,11.99,clear sky
48,Te Anau,NZ,-45.4167,167.7167,40.87,92,21,1.52,few clouds
49,Hithadhoo,MV,-0.6,73.0833,85.15,72,45,7.85,scattered clouds
50,Castro,BR,-24.7911,-50.0119,77.04,49,0,3.71,clear sky
51,Dikson,RU,73.5069,80.5464,4.35,100,97,5.5,overcast clouds
52,Poum,NC,-20.2333,164.0167,75.42,65,93,13.22,overcast clouds
53,Oistins,BB,13.0667,-59.5333,75.29,94,75,16.11,broken clouds
54,Jamestown,US,42.097,-79.2353,78.06,37,75,12.66,broken clouds
55,Busselton,AU,-33.65,115.3333,62.4,79,96,20.11,overcast clouds
56,Road Town,VG,18.4167,-64.6167,84.29,65,20,11.5,few clouds
57,Rocky Mountain House,CA,52.3668,-114.9188,48.31,49,91,4.61,overcast clouds
58,Georgetown,MY,5.4112,100.3354,82.33,78,20,4.61,light rain
59,Urubicha,BO,-15.3833,-62.95,91.83,44,94,6.29,overcast clouds
60,Zaysan,KZ,47.4667,84.8667,47.25,66,100,6.78,overcast clouds
61,Talnakh,RU,69.4865,88.3972,-0.8,98,93,3.49,overcast clouds
62,Caraballeda,VE,10.6112,-66.8522,89.37,64,100,9.57,overcast clouds
63,Ushuaia,AR,-54.8,-68.3,42.42,68,100,3.51,overcast clouds
64,Comodoro Rivadavia,AR,-45.8667,-67.5,57.06,38,40,24.16,scattered clouds
65,Mackay,AU,-21.15,149.2,73.69,81,100,17.72,light rain
66,Wawa,NG,9.9022,4.4192,98.04,26,40,3.42,scattered clouds
67,Kiruna,SE,67.8557,20.2251,32.92,69,40,12.66,scattered clouds
68,Frederico Westphalen,BR,-27.3592,-53.3944,83.44,64,17,9.1,few clouds
69,Russell,US,32.3502,-85.1999,82.9,57,20,6.91,few clouds
70,Komsomolskiy,UZ,40.4272,71.7189,68.95,42,46,7.02,scattered clouds
71,Inhambane,MZ,-23.865,35.3833,76.98,83,20,4.61,few clouds
72,Port Alfred,ZA,-33.5906,26.891,59.18,82,50,1.99,scattered clouds
73,Badah,PK,27.3332,68.0135,99.36,7,36,1.74,scattered clouds
74,Faanui,PF,-16.4833,-151.75,80.56,73,69,4.43,broken clouds
75,Valparaiso,CL,-33.0393,-71.6273,66.43,78,20,9.22,few clouds
76,Butaritari,KI,3.0707,172.7902,79.84,83,29,15.03,light rain
77,Latung,PH,5.5,120.8833,83.57,71,86,1.19,overcast clouds
78,Bubaque,GW,11.2833,-15.8333,78.49,74,12,17.0,few clouds
79,Khatanga,RU,71.9667,102.5,-7.85,100,21,2.46,few clouds
80,Barrow,US,71.2906,-156.7887,10.42,79,100,6.91,haze
81,Luderitz,NA,-26.6481,15.1594,62.28,58,0,19.04,clear sky
82,Ocos,GT,14.5094,-92.1933,91.58,65,83,5.53,broken clouds
83,Ust-Shonosha,RU,61.1531,41.343,38.48,98,100,7.14,overcast clouds
84,Sfantu Gheorghe,RO,45.8667,25.7833,58.66,77,15,8.1,few clouds
85,Longyearbyen,SJ,78.2186,15.6401,4.84,51,40,12.66,scattered clouds
86,Biak,ID,-0.9131,122.8766,76.68,85,89,3.98,overcast clouds
87,Lata,PT,40.1629,-8.3327,61.81,54,80,10.0,broken clouds
88,Souillac,MU,-20.5167,57.5167,75.58,73,40,11.5,scattered clouds
89,Cape Town,ZA,-33.9258,18.4232,61.12,70,0,10.0,clear sky
90,Jackson,US,42.4165,-122.8345,57.74,62,100,1.99,overcast clouds
91,Aginskoye,RU,51.1,114.53,37.02,34,100,14.76,overcast clouds
92,Corner Brook,CA,48.9667,-57.9484,46.56,93,99,6.85,overcast clouds
93,Lokosovo,RU,61.1333,74.8167,33.22,99,100,3.69,overcast clouds
94,Marsh Harbour,BS,26.5412,-77.0636,75.07,63,13,13.89,few clouds
95,Cobh,IE,51.8572,-8.2992,54.1,76,20,12.66,few clouds
96,Haines Junction,CA,60.7522,-137.5108,37.35,60,99,0.0,overcast clouds
97,Ballina,AU,-28.8667,153.5667,58.01,99,100,5.44,overcast clouds
98,Beloha,MG,-25.1667,45.05,76.53,72,100,5.7,overcast clouds
99,Lind,DK,56.1,8.9833,53.64,41,21,10.13,few clouds
100,Salalah,OM,17.0151,54.0924,84.29,70,0,5.75,clear sky
101,Paracuru,BR,-3.41,-39.0306,84.11,77,71,10.56,broken clouds
102,Bathsheba,BB,13.2167,-59.5167,75.81,94,75,16.11,broken clouds
103,Presidencia Roque Saenz Pena,AR,-26.7852,-60.4388,87.67,51,43,9.53,scattered clouds
104,Plast,RU,54.3691,60.8136,51.51,67,88,7.49,overcast clouds
105,Arraial Do Cabo,BR,-22.9661,-42.0278,80.56,69,40,12.66,scattered clouds
106,Piopio,NZ,-38.4667,175.0167,51.08,99,17,1.05,few clouds
107,San Blas,MX,21.5167,-105.2667,93.09,46,0,6.55,clear sky
108,Hobart,AU,-42.8794,147.3294,52.05,90,73,5.75,broken clouds
109,Thompson,CA,55.7435,-97.8558,17.76,32,20,6.91,few clouds
110,Nikolskoye,RU,59.7035,30.7861,41.72,96,100,4.76,overcast clouds
111,Vaini,TO,-21.2,-175.2,71.76,94,100,18.41,light rain
112,Puerto Ayora,EC,-0.7393,-90.3518,76.96,79,82,9.19,broken clouds
113,Norman Wells,CA,65.282,-126.8329,39.24,65,75,3.44,broken clouds
114,Kieta,PG,-6.2167,155.6333,78.8,80,82,1.74,broken clouds
115,Tuatapere,NZ,-46.1333,167.6833,43.57,84,25,6.78,scattered clouds
116,Beboto,TD,8.2668,16.939,88.09,40,99,9.04,overcast clouds
117,Grand Baie,MU,-20.0182,57.5802,76.44,68,3,5.01,clear sky
118,Chokurdakh,RU,70.6333,147.9167,6.62,91,100,6.55,overcast clouds
119,Lebu,CL,-37.6167,-73.65,56.46,68,100,20.33,overcast clouds
120,Fairbanks,US,64.8378,-147.7164,41.34,66,100,0.0,overcast clouds
121,Palana,RU,59.1167,159.9667,24.26,92,100,12.66,overcast clouds
122,Shwebo,MM,22.5667,95.7,91.15,25,4,7.11,clear sky
123,Codajas,BR,-3.8367,-62.0569,85.93,73,89,3.53,overcast clouds
124,Edd,ER,13.9297,41.6925,90.19,56,32,18.5,scattered clouds
125,Lodja,CD,-3.4833,23.4333,72.48,96,89,1.21,moderate rain
126,Bengkulu,ID,-3.8004,102.2655,77.02,89,99,6.76,overcast clouds
127,Karratha,AU,-20.7377,116.8463,77.94,66,42,8.34,moderate rain
128,Mahebourg,MU,-20.4081,57.7,76.24,73,40,11.5,scattered clouds
129,Promissao,BR,-21.5367,-49.8581,89.62,39,0,9.1,clear sky
130,Sandwick,GB,60.0,-1.25,44.42,81,75,11.5,light intensity shower rain
131,Svetlaya,RU,46.5389,138.3297,38.93,83,100,17.85,overcast clouds
132,Padang,ID,-0.9492,100.3543,77.97,87,100,3.47,light rain
133,Zanjan,IR,36.6736,48.4787,59.14,52,100,5.55,overcast clouds
134,Port Hardy,CA,50.6996,-127.4199,44.78,87,75,6.91,light intensity shower rain
135,Sao Filipe,CV,14.8961,-24.4956,77.52,63,2,8.63,clear sky
136,Port Shepstone,ZA,-30.7414,30.455,67.48,67,39,21.34,scattered clouds
137,Hami,CN,42.8,93.45,66.43,21,74,8.79,broken clouds
138,Bredasdorp,ZA,-34.5322,20.0403,57.2,68,12,5.08,few clouds
139,Walvis Bay,NA,-22.9575,14.5053,68.95,52,0,6.91,clear sky
140,Ilulissat,GL,69.2167,-51.1,28.42,86,75,3.44,light snow
141,Torbay,CA,47.6666,-52.7314,43.88,94,72,17.0,light rain
142,Namibe,AO,-15.1961,12.1522,72.28,77,2,7.74,clear sky
143,Changli,CN,39.7042,119.1506,55.13,97,19,3.67,few clouds
144,Bati,ET,11.1833,40.0167,70.74,57,87,5.91,overcast clouds
145,Tiarei,PF,-17.5333,-149.3333,77.02,74,9,5.17,clear sky
146,Oxford,GB,51.7522,-1.256,56.75,67,40,10.36,scattered clouds
147,Saskylakh,RU,71.9167,114.0833,-8.46,100,80,3.65,broken clouds
148,San Patricio,US,28.017,-97.5169,86.18,57,24,16.06,few clouds
149,Port Keats,AU,-14.25,129.55,82.56,46,85,4.94,overcast clouds
150,Unity,CA,52.4501,-109.1682,42.19,56,31,19.86,scattered clouds
151,Kusti,SD,13.1629,32.6635,95.0,6,21,2.62,few clouds
152,Ponta Do Sol,PT,32.6667,-17.1,65.01,99,57,10.29,broken clouds
153,Isangel,VU,-19.55,169.2667,76.44,71,99,15.17,overcast clouds
154,Lavrentiya,RU,65.5833,-171.0,15.94,89,77,6.71,broken clouds
155,Tadine,NC,-21.55,167.8833,72.7,71,98,17.87,overcast clouds
156,Bilibino,RU,68.0546,166.4372,9.73,90,100,4.47,overcast clouds
157,Cap Malheureux,MU,-19.9842,57.6142,76.46,68,3,5.01,clear sky
158,Severo-Kurilsk,RU,50.6789,156.125,31.53,88,99,17.98,light snow
159,Hailar,CN,49.2,119.7,33.35,97,95,19.55,light snow
160,Ust-Nera,RU,64.5667,143.2,0.5,100,39,3.18,scattered clouds
161,Virden,US,39.5009,-89.7679,55.65,62,90,14.88,overcast clouds
162,Lagoa,PT,39.05,-27.9833,58.15,72,3,12.39,clear sky
163,Verkhoyansk,RU,67.5447,133.385,4.71,100,96,1.59,overcast clouds
164,Tazmalt,DZ,36.3868,4.3989,73.44,51,100,4.94,overcast clouds
165,Yellowknife,CA,62.456,-114.3525,34.32,60,75,12.66,broken clouds
166,Marsa Matruh,EG,31.3525,27.2453,66.45,70,52,7.9,broken clouds
167,Bethel,US,41.3712,-73.414,64.18,34,100,4.0,overcast clouds
168,Ulan-Ude,RU,51.8261,107.6098,30.09,42,20,6.71,few clouds
169,Burnie,AU,-41.0667,145.9167,56.95,1,65,7.94,broken clouds
170,Clyde River,CA,70.4692,-68.5914,8.83,85,100,25.32,light snow
171,Vao,NC,-22.6667,167.4833,74.05,60,100,22.79,overcast clouds
172,Bonavista,CA,48.6499,-53.1147,37.09,91,76,15.23,broken clouds
173,Victoria,HK,22.2855,114.1577,82.45,82,20,8.99,few clouds
174,Monrovia,LR,6.3005,-10.7969,89.37,72,92,7.85,overcast clouds
175,Fortuna,US,40.5982,-124.1573,57.92,83,20,4.61,few clouds
176,Azul,AR,-36.777,-59.8585,66.34,17,0,4.74,clear sky
177,Melfi,IT,40.9965,15.6514,54.3,73,11,7.7,few clouds
178,Port Blair,IN,11.6667,92.75,82.44,83,20,2.3,mist
179,San Luis,AR,-33.295,-66.3356,80.38,28,0,7.65,clear sky
180,Borogontsy,RU,62.6683,131.1683,14.32,97,60,3.38,broken clouds
181,New Norfolk,AU,-42.7826,147.0587,51.71,84,73,2.39,broken clouds
182,Pandan Niog,PH,6.2282,120.5631,83.16,74,85,1.1,overcast clouds
183,Lebyazhye,RU,55.2689,66.4947,50.85,75,86,13.76,overcast clouds
184,Teguldet,RU,57.3064,88.1667,28.76,91,49,6.11,scattered clouds
185,San Felipe,VE,10.3399,-68.7425,81.25,70,100,3.6,overcast clouds
186,Ribeira Grande,PT,38.5167,-28.7,64.8,63,20,12.66,few clouds
187,Touros,BR,-5.1989,-35.4608,86.02,59,32,13.35,scattered clouds
188,Bluff,NZ,-46.6,168.3333,50.81,65,17,22.57,few clouds
189,Airai,TL,-8.9266,125.4092,58.08,78,100,0.96,overcast clouds
190,Cartagena,CO,10.3997,-75.5144,89.22,62,40,12.66,scattered clouds
191,Vangaindrano,MG,-23.35,47.6,73.27,83,98,4.47,overcast clouds
192,Broome,US,42.2506,-75.833,69.53,55,0,14.97,clear sky
193,Shelburne,CA,44.0787,-80.2041,56.19,74,100,9.1,overcast clouds
194,Teo,ES,42.75,-8.5,64.35,61,20,9.22,few clouds
195,Kaitangata,NZ,-46.2817,169.8464,46.26,74,3,12.03,clear sky
196,Kodiak,US,57.79,-152.4072,38.71,65,100,12.66,overcast clouds
197,Alofi,NU,-19.0595,-169.9187,75.09,94,99,9.22,overcast clouds
198,Yibin,CN,28.7667,104.6238,67.12,79,99,4.16,overcast clouds
199,Saint-Pierre,RE,-21.3393,55.4781,73.29,78,0,8.05,clear sky
200,Rawson,AR,-43.3002,-65.1023,62.76,26,83,20.27,broken clouds
201,Plettenberg Bay,ZA,-34.0527,23.3716,58.39,74,32,4.79,scattered clouds
202,Port Macquarie,AU,-31.4333,152.9167,58.89,80,100,1.03,overcast clouds
203,Divinopolis,BR,-20.1389,-44.8839,83.48,47,32,5.77,scattered clouds
204,Mount Gambier,AU,-37.8333,140.7667,54.57,80,93,4.76,overcast clouds
205,Meulaboh,ID,4.1363,96.1285,78.03,86,100,5.53,moderate rain
206,Nanortalik,GL,60.1432,-45.2371,35.1,90,87,10.74,overcast clouds
207,Luanda,AO,-8.8368,13.2343,78.12,81,64,11.88,broken clouds
208,Boyolangu,ID,-8.1181,111.8935,76.33,91,58,1.41,broken clouds
209,Sanary-Sur-Mer,FR,43.1178,5.8001,68.86,80,94,7.0,overcast clouds
210,Oeiras Do Para,BR,-2.0031,-49.8544,83.77,79,59,3.96,broken clouds
211,Livingstone,ZM,-17.8419,25.8543,74.5,45,81,3.4,broken clouds
212,Tateyama,JP,34.9833,139.8667,62.1,88,94,3.51,overcast clouds
213,Ancud,CL,-41.8697,-73.8203,51.22,93,100,28.63,moderate rain
214,Flinders,AU,-34.5833,150.8552,61.18,92,100,5.99,overcast clouds
215,Muret,FR,43.3333,1.25,64.6,68,50,4.09,scattered clouds
216,Cidreira,BR,-30.1811,-50.2056,75.79,65,95,12.84,moderate rain
217,Nieuwpoort,BE,51.1244,2.7735,52.23,76,75,13.8,broken clouds
218,Elizabeth City,US,36.2946,-76.2511,85.05,54,0,6.91,clear sky
219,Balykshi,KZ,47.0667,51.8667,59.0,55,0,6.71,clear sky
220,Sechura,PE,-5.5569,-80.8222,77.13,62,62,11.59,broken clouds
221,Upernavik,GL,72.7868,-56.1549,20.53,82,29,1.36,scattered clouds
222,Kahului,US,20.8947,-156.47,73.42,83,40,20.71,scattered clouds
223,Magadan,RU,59.5667,150.8,23.94,69,100,8.59,overcast clouds
224,Sobolevo,RU,54.4299,31.8996,49.01,93,100,3.38,overcast clouds
225,Yambio,SS,4.5721,28.3955,72.75,76,88,2.1,overcast clouds
226,La Romana,DO,18.4273,-68.9728,84.56,54,40,11.5,scattered clouds
227,Morlaix,FR,48.5833,-4.0,60.85,68,0,12.66,clear sky
228,Misratah,LY,32.3754,15.0925,66.45,61,93,13.51,overcast clouds
229,Pringsewu,ID,-5.3582,104.9744,74.46,97,75,3.02,broken clouds
230,Tessalit,ML,20.1986,1.0114,92.75,10,0,19.64,clear sky
231,Tambopata,PE,-12.7333,-69.1833,87.69,66,40,2.3,scattered clouds
232,Port Elizabeth,ZA,-33.918,25.5701,60.31,90,0,13.8,clear sky
233,Mollendo,PE,-17.0231,-72.0147,70.57,74,100,8.99,overcast clouds
234,Geraldton,AU,-28.7667,114.6,70.21,73,100,18.41,overcast clouds
235,Ixtapa,MX,20.7,-105.2,76.23,69,0,6.91,clear sky
236,Jacqueville,CI,5.2052,-4.4146,80.44,82,85,10.25,overcast clouds
237,Mashhad,IR,36.297,59.6062,71.74,46,0,4.61,clear sky
238,Meadow Lake,US,34.8014,-106.5436,60.62,27,0,2.24,clear sky
239,Iqaluit,CA,63.7506,-68.5145,4.73,85,100,31.07,snow
240,Jinchang,CN,38.4953,102.1739,56.73,28,41,1.54,scattered clouds
241,Bhagwantnagar,IN,26.2333,80.75,93.54,11,0,6.24,clear sky
242,Asfi,MA,32.2994,-9.2372,63.9,64,47,15.64,scattered clouds
243,Baracoa,CU,20.3467,-74.4958,80.28,70,99,12.26,overcast clouds
244,Cumberland,US,35.0502,-78.8664,84.87,44,0,9.22,clear sky
245,Thai Binh,VN,20.45,106.3333,76.41,94,8,8.86,clear sky
246,Alihe,CN,50.5667,123.7167,36.81,46,100,11.18,overcast clouds
247,West Bay,KY,19.3667,-81.4167,78.87,76,75,17.27,broken clouds
248,Cururupu,BR,-1.8283,-44.8683,81.77,84,96,6.11,overcast clouds
249,Kovdor,RU,67.5662,30.4758,36.57,95,100,1.12,overcast clouds
250,Hambantota,LK,6.1241,81.1185,81.72,79,79,2.82,broken clouds
251,Whitehorse,CA,60.7161,-135.0538,39.09,83,75,2.3,light snow
252,Praia Da Vitoria,PT,38.7333,-27.0667,64.65,68,20,14.32,few clouds
253,Lima,PE,-12.0432,-77.0282,71.38,69,40,4.61,scattered clouds
254,Altay,CN,47.8667,88.1167,44.44,54,100,5.3,overcast clouds
255,Sabang,ID,5.8933,95.3214,83.86,75,100,14.07,light rain
256,Monduli,TZ,-3.3,36.45,65.62,80,100,3.94,light rain
257,East London,ZA,-33.0153,27.9116,58.14,88,0,9.22,clear sky
258,San Cristobal,VE,7.7669,-72.225,73.58,50,100,6.71,overcast clouds
259,Azanka,RU,58.0401,64.7893,42.98,93,81,6.49,broken clouds
260,Srednekolymsk,RU,67.45,153.6833,0.01,99,91,4.59,overcast clouds
261,Provideniya,RU,64.3833,-173.3,21.83,90,33,12.19,scattered clouds
262,Sabha,LY,27.0377,14.4283,90.36,8,99,12.73,overcast clouds
263,Westport,US,41.1415,-73.3579,62.31,42,100,8.99,overcast clouds
264,Djibo,BF,14.1022,-1.6306,102.85,7,6,7.4,clear sky
265,Wagga Wagga,AU,-35.1167,147.3667,58.6,88,42,8.05,scattered clouds
266,Balingasay,PH,16.3573,119.8564,84.2,74,36,6.49,scattered clouds
267,Filottrano,IT,43.4355,13.3514,63.28,47,53,4.5,broken clouds
268,Kondinskoye,RU,59.6481,67.41,36.54,100,93,5.66,overcast clouds
269,Husavik,IS,66.0449,-17.3389,43.66,74,82,3.83,broken clouds
270,Marienburg,PL,54.0359,19.0266,44.85,90,100,9.95,overcast clouds
271,Adeje,ES,28.1227,-16.726,70.02,83,40,19.57,scattered clouds
272,Baykit,RU,61.67,96.37,20.55,95,97,2.51,overcast clouds
273,Bud,US,39.447,-86.1758,58.98,97,100,9.46,overcast clouds
274,Panlaitan,PH,12.1191,119.8486,83.68,76,58,4.99,broken clouds
275,Bandarbeyla,SO,9.4942,50.8122,82.96,69,47,8.79,scattered clouds
276,Nanpiao,CN,41.0982,120.7479,56.77,93,17,7.81,few clouds
277,Faya,SA,18.3851,42.4509,66.31,49,13,5.23,few clouds
278,Hervey Bay,AU,-25.2986,152.8535,71.02,73,100,7.0,overcast clouds
279,Mossendjo,CG,-2.9506,12.7261,75.42,85,100,2.71,overcast clouds
280,Abaetetuba,BR,-1.7181,-48.8825,83.97,75,63,3.0,broken clouds
281,Tazovskiy,RU,67.4667,78.7,5.54,96,76,7.94,broken clouds
282,Fort Nelson,CA,58.8053,-122.7002,35.19,87,100,2.3,light rain
283,Karpathos,GR,35.507,27.2132,66.16,63,0,11.5,clear sky
284,Deputatskiy,RU,69.3,139.9,0.34,99,100,2.48,overcast clouds
285,Ajdabiya,LY,30.7554,20.2263,75.34,41,100,11.25,overcast clouds
286,Mapanas,PH,12.475,125.2562,79.21,91,100,10.07,light rain
287,Neyshabur,IR,36.2133,58.7958,73.36,31,58,8.03,broken clouds
288,Los Llanos De Aridane,ES,28.6585,-17.9182,69.55,77,20,10.0,few clouds
289,Saint George,US,37.1041,-113.5841,65.62,19,0,4.61,clear sky
290,Mongoumba,CF,3.6415,18.5936,81.88,63,97,6.38,overcast clouds
291,Berlevag,NO,70.8578,29.0864,30.2,63,100,14.03,overcast clouds
292,Barra,BR,-11.0894,-43.1417,91.27,31,0,7.58,clear sky
293,Palu,ID,-0.8917,119.8707,75.74,95,95,2.48,overcast clouds
294,Pisco,PE,-13.7,-76.2167,70.02,83,0,8.05,clear sky
295,Verkhnevilyuysk,RU,63.4453,120.3167,21.72,97,99,3.44,overcast clouds
296,Okahandja,NA,-21.9833,16.9167,76.33,25,50,7.31,scattered clouds
297,Porto Novo,BJ,6.4965,2.6036,85.26,68,43,9.8,scattered clouds
298,Jalu,LY,29.0331,21.5482,88.79,9,85,8.75,overcast clouds
299,Mahajanga,MG,-15.7167,46.3167,83.97,64,97,10.11,overcast clouds
300,Chuy,UY,-33.6971,-53.4616,65.53,98,100,8.32,moderate rain
301,Leningradskiy,RU,69.3833,178.4167,2.66,96,81,6.06,broken clouds
302,Solnechnyy,RU,50.7214,136.6319,20.59,90,78,3.29,broken clouds
303,Villanueva,HN,15.3167,-88.0,93.04,51,40,5.75,scattered clouds
304,Mecca,SA,21.4267,39.8261,84.76,55,8,3.44,clear sky
305,Goderich,CA,43.7501,-81.7165,55.72,71,99,4.61,overcast clouds
306,Bambous Virieux,MU,-20.3428,57.7575,76.21,73,40,11.5,scattered clouds
307,Margate,GB,51.3813,1.3862,54.3,81,76,10.0,broken clouds
308,Shimoda,JP,34.6667,138.95,64.11,88,95,1.21,overcast clouds
309,Montenegro,ME,42.5,19.3,58.75,45,20,10.36,few clouds
310,Merauke,ID,-8.4667,140.3333,79.32,85,75,3.98,broken clouds
311,Mosalsk,RU,54.4881,34.9817,50.74,93,100,8.19,light rain
312,Quesnel,CA,52.9999,-122.5029,46.9,57,100,0.0,overcast clouds
313,Mont-Dore,NC,-22.2833,166.5833,73.99,99,99,10.02,overcast clouds
314,Vanimo,PG,-2.6741,141.3028,78.03,89,100,5.03,overcast clouds
315,Ostrovnoy,RU,68.0531,39.5131,34.23,98,100,3.15,overcast clouds
316,Vardo,NO,70.3705,31.1107,31.98,80,40,9.22,scattered clouds
317,Portland,US,45.5234,-122.6762,55.36,88,100,6.91,overcast clouds
318,Cayenne,GF,4.9333,-52.3333,86.04,1,20,14.97,few clouds
319,Ulladulla,AU,-35.35,150.4667,56.77,89,96,5.14,overcast clouds
320,Chapais,CA,49.7834,-74.8492,38.98,95,100,12.17,overcast clouds
321,Salina Cruz,MX,16.1667,-95.2,87.76,57,4,9.89,clear sky
322,Honningsvag,NO,70.9821,25.9704,31.75,80,100,18.41,light shower snow
323,Cabanas,CU,22.9758,-82.9219,84.38,55,4,12.44,light rain
324,Pevek,RU,69.7008,170.3133,0.0,94,94,2.91,overcast clouds
325,Urucara,BR,-2.5364,-57.76,89.6,55,62,5.61,broken clouds
326,Pingzhuang,CN,42.0372,119.2889,64.02,27,37,12.71,scattered clouds
327,Keti Bandar,PK,24.1447,67.4497,82.53,73,0,13.56,clear sky
328,Sitka,US,57.0531,-135.33,44.49,76,20,0.0,few clouds
329,Rocha,UY,-34.4833,-54.3333,66.33,98,100,4.76,overcast clouds
330,Denpasar,ID,-8.65,115.2167,82.06,88,20,5.75,few clouds
331,Amapa,BR,1.0,-52.0,82.35,77,82,4.54,broken clouds
332,Lompoc,US,34.6391,-120.4579,76.78,65,0,4.61,clear sky
333,Ormara,PK,25.2088,64.6357,82.09,81,0,14.83,clear sky
334,Nevsehir,TR,38.9167,34.6667,69.01,20,0,8.05,clear sky
335,Tongren,CN,27.7172,109.1853,70.97,95,40,3.85,scattered clouds
336,Samarai,PG,-10.6167,150.6667,82.35,78,45,13.89,scattered clouds
337,Saint-Augustin,CA,51.226,-58.6502,39.72,97,98,9.89,overcast clouds
338,Mata,PT,40.683,-7.4592,66.92,50,87,5.86,overcast clouds
339,Marawi,PH,7.9986,124.2928,70.38,92,98,2.15,overcast clouds
340,Rengasdengklok,ID,-6.1592,107.2981,83.05,91,100,8.19,light rain
341,Vestmannaeyjar,IS,63.4427,-20.2734,45.59,81,75,8.05,broken clouds
342,Noumea,NC,-22.2763,166.4572,73.99,99,99,12.35,overcast clouds
343,Usinsk,RU,65.9939,57.5281,31.37,92,100,8.3,overcast clouds
344,Ilo,PE,-17.6394,-71.3375,70.66,64,0,11.5,clear sky
345,Hvide Sande,DK,56.0045,8.1294,54.09,72,38,13.04,scattered clouds
346,Barra Do Garcas,BR,-15.89,-52.2567,91.51,44,10,6.38,clear sky
347,Quatre Cocos,MU,-20.2078,57.7625,76.08,69,24,16.24,few clouds
348,Bingol,TR,38.8847,40.4939,64.22,43,30,1.97,scattered clouds
349,Methven,NZ,-43.6333,171.65,43.02,99,63,4.76,broken clouds
350,Chipata,ZM,-13.6333,32.65,66.49,83,56,4.9,broken clouds
351,Leh,IN,34.1667,77.5833,42.51,53,100,7.14,overcast clouds
352,Montevideo,UY,-34.8335,-56.1674,69.82,94,100,6.91,overcast clouds
353,Guaruja,BR,-23.9931,-46.2564,82.26,69,20,9.22,few clouds
354,Bafia,CM,4.75,11.2333,82.56,67,35,2.68,scattered clouds
355,Olafsvik,IS,64.8945,-23.7142,44.98,75,92,5.26,overcast clouds
356,Shingu,JP,33.7333,135.9833,63.55,93,97,2.93,overcast clouds
357,Kavaratti,IN,10.5669,72.642,85.28,72,28,5.95,scattered clouds
358,Bumba,CD,2.1833,22.4667,74.34,95,94,0.58,overcast clouds
359,Acaponeta,MX,22.4964,-105.3594,90.41,35,0,5.12,clear sky
360,Tucumcari,US,35.1717,-103.725,54.95,35,75,8.05,broken clouds
361,Hofn,IS,64.2539,-15.2082,41.02,87,100,13.8,overcast clouds
362,Fatehpur,IN,25.9333,80.8,92.7,11,0,4.99,clear sky
363,Wanning,CN,18.8003,110.3967,78.08,94,10,9.26,clear sky
364,Nizhneudinsk,RU,54.9076,99.0276,26.35,79,49,4.07,scattered clouds
365,Peruibe,BR,-24.32,-46.9983,78.78,71,20,7.34,few clouds
366,Quchan,IR,37.106,58.5095,66.4,47,91,8.37,overcast clouds
367,Codrington,AU,-38.2667,141.9667,55.44,82,97,7.87,overcast clouds
368,Saint-Honore,CA,48.5334,-71.0824,46.42,62,100,8.99,overcast clouds
369,Tiznit,MA,29.5833,-9.5,60.51,61,16,12.28,few clouds
370,Rundu,NA,-17.9333,19.7667,71.91,34,3,3.18,clear sky
371,Richards Bay,ZA,-28.783,32.0377,66.69,90,100,14.72,light rain
372,Billund,DK,55.7335,9.1078,53.71,40,62,5.75,broken clouds
373,San Estanislao,CO,10.3983,-75.1511,89.49,57,85,7.7,overcast clouds
374,Mandera,KE,3.9366,41.867,91.83,38,82,8.03,broken clouds
375,Salme,NP,28.0369,85.0942,64.69,30,0,7.85,clear sky
376,Honiara,SB,-9.4333,159.95,77.2,85,22,4.03,few clouds
377,Laibin,CN,23.7,109.2667,76.24,86,0,3.13,clear sky
378,Lubango,AO,-14.9172,13.4925,62.82,59,7,1.83,clear sky
379,Necochea,AR,-38.5473,-58.7368,64.27,39,1,7.45,clear sky
380,Ornskoldsvik,SE,63.2909,18.7153,45.55,70,75,17.27,broken clouds
381,Muros,ES,42.7762,-9.0603,65.68,74,27,5.61,scattered clouds
382,Cherskiy,RU,68.75,161.3,16.38,83,100,4.47,overcast clouds
383,Morant Bay,JM,17.8815,-76.4093,87.71,74,39,11.14,scattered clouds
384,Vila Franca Do Campo,PT,37.7167,-25.4333,61.21,66,4,12.5,clear sky
385,Ongandjera,NA,-17.8833,15.0667,78.6,27,0,6.98,clear sky
386,Dabat,ET,12.9842,37.765,66.18,29,55,5.23,broken clouds
387,Evensk,RU,61.95,159.2333,28.58,78,100,18.86,overcast clouds
388,Acapulco,MX,16.8634,-99.8901,85.82,66,0,6.91,clear sky
389,Prabumulih,ID,-3.45,104.25,74.35,98,100,5.01,moderate rain
390,Mubende,UG,0.5606,31.39,62.19,99,97,2.19,overcast clouds
391,Kamaishi,JP,39.2667,141.8833,55.04,85,100,8.3,overcast clouds
392,Svetlyy,RU,54.675,20.1347,44.65,87,98,8.93,overcast clouds
393,Rumoi,JP,43.9344,141.6428,44.74,62,40,7.81,scattered clouds
394,Kimry,RU,56.8667,37.35,48.88,98,100,4.29,overcast clouds
395,Sioux Lookout,CA,50.1001,-91.917,22.17,90,100,12.06,light snow
396,Sao Joao Da Barra,BR,-21.6403,-41.0511,78.89,68,29,9.86,scattered clouds
397,Dehloran,IR,32.6941,47.2679,72.81,58,100,7.27,light rain
398,Pochutla,MX,15.7432,-96.4661,88.83,41,2,8.01,clear sky
399,Pacific Grove,US,36.6177,-121.9166,64.42,76,0,7.0,clear sky
400,Talara,PE,-4.5772,-81.2719,81.36,50,0,19.57,clear sky
401,Cowra,AU,-33.8333,148.6833,54.61,86,100,5.01,overcast clouds
402,Sistranda,NO,63.7256,8.834,44.56,66,91,13.02,overcast clouds
403,Timra,SE,62.487,17.3257,49.68,53,40,18.41,scattered clouds
404,Kudahuvadhoo,MV,2.6708,72.8944,84.88,65,29,4.03,scattered clouds
405,Narrabri,AU,-30.3167,149.7833,58.51,77,100,4.09,overcast clouds
406,Stromness,GB,58.965,-3.296,44.87,87,100,10.0,overcast clouds
407,Baglung,NP,28.2719,83.5898,69.15,27,1,6.73,clear sky
408,Erenhot,CN,43.6475,111.9767,39.06,25,0,24.07,clear sky
409,Mansa,IN,29.9833,75.3833,85.1,23,79,8.46,broken clouds
410,Andenes,NO,69.3143,16.1194,31.98,86,40,18.41,scattered clouds
411,Ust-Tsilma,RU,65.441,52.1498,32.9,94,100,3.58,overcast clouds
412,Kavieng,PG,-2.5744,150.7967,81.81,73,22,8.32,few clouds
413,Atar,MR,20.5169,-13.0499,91.96,21,0,17.78,clear sky
414,Maniwaki,CA,46.3834,-75.966,52.18,87,100,4.61,light rain
415,Kasongo-Lunda,CD,-6.4667,16.8167,74.34,93,100,0.92,light rain
416,Mantua,IT,45.1667,10.7833,64.09,73,38,4.0,scattered clouds
417,Broken Hill,AU,-31.95,141.4333,59.97,84,100,14.12,light rain
418,Saldanha,ZA,-33.0117,17.9442,58.64,76,0,18.16,clear sky
419,Aklavik,CA,68.2191,-135.0107,32.56,97,100,1.86,overcast clouds
420,Wuzhou,CN,23.4833,111.3167,73.78,95,1,2.82,clear sky
421,Guerrero Negro,MX,27.9769,-114.0611,74.84,33,0,4.7,clear sky
422,Stornoway,GB,58.2093,-6.3865,49.93,79,75,14.97,broken clouds
423,Ukiah,US,39.1502,-123.2078,66.43,64,0,1.01,clear sky
424,Egvekinot,RU,66.3167,-179.1667,9.14,87,66,9.57,broken clouds
425,San Juan,AR,-31.5375,-68.5364,80.44,20,0,6.44,clear sky
426,Laela,TZ,-8.5667,32.05,62.44,95,88,3.15,light rain
427,Rio Gallegos,AR,-51.6226,-69.2181,43.68,75,100,18.34,overcast clouds
428,Abu Zabad,SD,12.35,29.25,93.13,6,77,5.88,broken clouds
429,Sorong,ID,-0.8833,131.25,80.92,80,43,1.34,light rain
430,Port Lincoln,AU,-34.7333,135.8667,64.76,82,90,7.87,overcast clouds
431,Wasilla,US,61.5814,-149.4394,44.69,77,100,3.44,overcast clouds
432,Gualaquiza,EC,-3.4,-78.55,70.9,85,95,3.31,light rain
433,Mancio Lima,BR,-7.6142,-72.8958,84.27,79,75,5.75,broken clouds
434,Uray,RU,60.1247,64.7758,37.09,99,99,6.29,overcast clouds
435,Partizanskoye,RU,55.5006,94.39,30.18,75,86,4.05,overcast clouds
436,Valentin Gomez Farias,MX,28.2167,-106.5833,72.79,13,0,8.79,clear sky
437,Rio Grande,BR,-32.035,-52.0986,68.11,88,100,10.2,heavy intensity rain
438,Karatau,KZ,43.1667,70.4667,53.51,55,22,3.24,few clouds
439,Dingle,PH,10.9995,122.6711,78.48,89,32,7.0,scattered clouds
440,Sur,OM,22.5667,59.5289,88.36,44,0,6.51,clear sky
441,Liku,ID,-0.7275,119.8922,75.22,92,93,1.72,overcast clouds
442,Oranjemund,NA,-28.55,16.4333,57.94,74,0,20.24,clear sky
443,Piacabucu,BR,-10.4056,-36.4344,82.2,71,55,14.23,broken clouds
444,Santa Isabel,BR,-23.3156,-46.2214,80.31,55,4,1.83,clear sky
445,Bogorodskoye,RU,56.55,37.8833,48.31,95,100,5.3,overcast clouds
446,Katsuura,JP,35.1333,140.3,66.63,92,98,2.84,overcast clouds
447,Vostok,RU,46.4856,135.8833,39.63,76,100,5.19,overcast clouds
448,Tecoanapa,MX,16.5167,-98.75,85.42,57,2,9.19,clear sky
449,Mumford,GH,5.2618,-0.759,83.5,75,75,6.98,broken clouds
450,Clinton,US,42.587,-82.9199,60.91,71,75,6.91,broken clouds
451,Muswellbrook,AU,-32.2667,150.9,55.33,98,100,1.95,overcast clouds
452,Inuvik,CA,68.3499,-133.7218,40.06,52,75,9.22,broken clouds
453,Haifa,IL,32.8156,34.9892,70.74,74,0,4.61,haze
454,Genoa,IT,44.4129,8.9573,62.31,81,40,11.5,scattered clouds
455,West Wendover,US,40.7391,-114.0733,51.01,40,0,9.22,clear sky
456,Matara,LK,5.9485,80.5353,79.09,88,93,2.42,overcast clouds
457,Calabozo,VE,8.9242,-67.4293,91.67,43,99,4.68,overcast clouds
458,Woodward,US,36.4337,-99.3904,58.96,30,0,20.71,clear sky
459,Kamenka,RU,51.3223,42.7678,60.51,69,68,7.56,broken clouds
460,Mikuni,JP,36.2171,136.1519,62.51,79,100,6.89,overcast clouds
461,Maposeni,TZ,-10.5833,35.4,67.08,95,100,3.62,moderate rain
462,Torrox,ES,36.7579,-3.9523,68.92,66,4,1.99,clear sky
463,Meridian,US,43.6121,-116.3915,64.33,30,0,23.02,clear sky
464,Magaria,NE,12.9983,8.9099,102.74,13,74,9.73,broken clouds
465,Alta Floresta,BR,-9.8756,-56.0861,94.82,49,75,6.91,broken clouds
466,Isla Mujeres,MX,21.2311,-86.731,84.25,74,8,14.14,clear sky
467,Severomuysk,RU,56.1481,113.4267,1.36,90,47,2.1,scattered clouds
468,Vanavara,RU,60.34,102.2797,29.05,97,100,5.06,light snow
469,Tamboril,DO,19.4854,-70.611,84.7,61,20,9.22,few clouds
470,Pyapon,MM,16.2833,95.6833,84.88,68,6,10.07,clear sky
471,Lunino,RU,53.5918,45.2271,54.57,80,46,7.29,scattered clouds
472,Cockburn Town,TC,21.4612,-71.1419,77.58,69,98,16.42,overcast clouds
473,Ust-Ilimsk,RU,58.0006,102.6619,28.83,96,99,6.49,overcast clouds
474,Jurm,AF,36.8648,70.8342,61.38,55,46,1.83,scattered clouds
475,Colon,PA,9.3592,-79.9014,84.11,74,59,7.0,broken clouds
476,Nouakchott,MR,18.0858,-15.9785,80.53,60,16,19.53,few clouds
477,Agadir,MA,30.4202,-9.5982,72.05,54,37,13.47,scattered clouds
478,Izhmorskiy,RU,56.194,86.6414,31.66,81,94,6.13,overcast clouds
479,Tromso,NO,69.6496,18.957,32.02,80,75,10.36,light shower sleet
480,Ponta Delgada,PT,37.7333,-25.6667,61.52,77,40,18.41,scattered clouds
481,Verkhnyaya Inta,RU,65.9811,60.3094,30.69,88,99,11.74,overcast clouds
482,Maldonado,UY,-34.6667,-54.9167,68.23,95,100,3.53,light rain
483,Sal Rei,CV,16.1833,-22.9167,80.8,57,0,20.71,clear sky
484,Narsaq,GL,60.9167,-46.05,46.62,77,95,0.25,overcast clouds
485,Jaen,ES,38.0,-3.5,70.25,41,14,8.79,few clouds
486,Merrill,US,45.1805,-89.6835,39.97,90,100,9.22,mist
487,Ambon,ID,-3.6954,128.1814,78.94,89,40,5.75,scattered clouds
488,Morondava,MG,-20.2833,44.2833,81.91,71,98,6.64,overcast clouds
489,Zabid,YE,14.1951,43.3152,88.2,52,35,6.31,scattered clouds
490,Anshun,CN,26.25,105.9333,61.39,92,44,7.63,scattered clouds
491,Potiskum,NG,11.7091,11.0694,102.31,15,75,3.56,broken clouds
492,Champerico,GT,14.3,-91.9167,90.14,64,61,8.81,broken clouds
493,Havre-Saint-Pierre,CA,50.2334,-63.5986,39.56,87,75,9.22,broken clouds
494,Bongandanga,CD,1.5,21.05,74.25,85,99,2.42,overcast clouds
495,Daru,PG,-9.0763,143.2092,78.89,87,98,5.46,overcast clouds
496,Nichinan,JP,31.6,131.3667,69.37,96,58,4.47,broken clouds
497,Abbeville,FR,50.1,1.8333,53.49,79,67,11.16,broken clouds
498,Asau,RO,46.4333,26.4,56.32,70,41,5.32,scattered clouds
499,Okhotsk,RU,59.3833,143.3,21.96,83,36,9.42,scattered clouds
500,Makakilo City,US,21.3469,-158.0858,73.72,69,0,13.8,clear sky
501,Ketchikan,US,55.3422,-131.6461,46.87,76,75,6.91,broken clouds
502,Rudbar,AF,30.15,62.6,88.05,13,89,6.76,overcast clouds
503,Maragogi,BR,-9.0122,-35.2225,81.9,74,88,14.18,overcast clouds
504,Auki,SB,-8.7676,160.7034,77.4,89,55,3.24,broken clouds
505,San Quintin,MX,30.4833,-115.95,74.12,26,0,5.1,clear sky
506,Kaka,TM,37.3482,59.6143,77.4,36,69,6.87,broken clouds
507,Itarema,BR,-2.9248,-39.9167,78.91,85,93,10.76,overcast clouds
508,Biloela,AU,-24.4167,150.5,66.58,73,100,16.37,overcast clouds
509,Xichang,CN,27.8964,102.2634,62.01,79,43,5.57,scattered clouds
510,Tsumeb,NA,-19.2333,17.7167,73.22,30,8,7.05,clear sky
511,Akdepe,TM,42.0551,59.3788,66.29,38,100,17.98,overcast clouds
512,Dabola,GN,10.75,-11.1167,101.28,10,92,6.2,overcast clouds
513,Sergeyevka,KZ,53.88,67.4158,53.33,30,97,13.8,overcast clouds
514,Saint-Ambroise,CA,48.5501,-71.3324,46.71,76,100,11.7,overcast clouds
515,Panaba,MX,21.2833,-88.2667,93.87,37,18,11.7,few clouds
516,Nabire,ID,-3.3667,135.4833,77.02,92,97,2.75,overcast clouds
517,Medicine Hat,CA,50.0501,-110.6683,61.72,34,16,18.84,few clouds
518,Dabakala,CI,8.3667,-4.4333,98.65,23,100,5.84,overcast clouds
519,Mizan Teferi,ET,6.9833,35.5833,60.44,96,100,3.67,overcast clouds
520,Marrakesh,MA,31.6315,-8.0083,77.07,29,40,5.75,scattered clouds
521,Naze,JP,28.3667,129.4833,72.52,92,31,13.49,scattered clouds
522,Kamyshla,RU,54.1169,52.1426,54.16,72,86,3.18,overcast clouds
523,San Rafael Del Sur,NI,11.8485,-86.4384,88.77,47,19,5.73,few clouds
524,Lusaka,ZM,-15.4067,28.2871,67.12,66,49,5.19,scattered clouds
525,Banda Aceh,ID,5.5577,95.3222,80.92,81,98,11.36,overcast clouds
526,Emba,KZ,48.8264,58.1442,52.84,38,100,3.04,overcast clouds
527,Martapura,ID,-3.4167,114.85,77.09,100,100,3.44,overcast clouds
528,Weligama,LK,5.9667,80.4167,79.47,86,94,1.92,overcast clouds
529,Nueva Gerona,CU,21.8833,-82.8,81.77,65,51,17.52,broken clouds
530,Syracuse,IT,37.0881,15.2792,65.79,68,92,6.4,overcast clouds
531,Lichinga,MZ,-13.3128,35.2406,68.09,94,75,8.05,broken clouds
532,Paamiut,GL,61.994,-49.6678,31.39,89,95,15.97,overcast clouds
533,Galveston,US,29.3669,-94.9669,87.06,73,75,12.66,broken clouds
534,Celestun,MX,20.8667,-90.4,87.67,55,1,4.29,clear sky
535,Bheramara,BD,24.0232,88.9925,87.75,55,0,17.02,clear sky
536,Itoman,JP,26.1247,127.6694,77.4,96,75,14.97,broken clouds
537,Novopavlovka,RU,51.2172,109.2091,26.89,66,100,6.89,overcast clouds
538,San Policarpo,PH,12.1791,125.5072,81.64,85,100,13.98,overcast clouds
539,Goroka,PG,-6.0834,145.3873,58.37,96,92,1.3,overcast clouds
540,Pokrovsk,UA,48.282,37.1758,61.2,47,81,2.89,broken clouds
541,Bronnoysund,NO,65.4625,12.1997,41.0,75,75,14.0,broken clouds
542,Soc Trang,VN,9.6033,105.98,82.15,76,68,5.5,broken clouds
543,Churapcha,RU,62.0025,132.4325,19.4,96,68,3.58,broken clouds
544,Takoradi,GH,4.8845,-1.7554,83.5,76,61,6.8,light rain
545,Manuk Mangkaw,PH,4.8,119.85,83.98,69,73,2.17,broken clouds
546,Hay River,CA,60.8156,-115.7999,46.38,46,40,9.22,scattered clouds
547,Wolomin,PL,52.3401,21.2421,53.08,90,100,5.28,overcast clouds
548,Houma,US,29.5958,-90.7195,87.01,65,40,9.22,scattered clouds
549,Muromtsevo,RU,56.3724,75.2418,42.08,56,53,7.9,broken clouds
550,Dargaville,NZ,-35.9333,173.8833,58.95,85,68,4.36,broken clouds
551,General Pico,AR,-35.6566,-63.7568,69.93,20,0,8.37,clear sky
552,Maltahohe,NA,-24.8333,16.9833,65.75,28,0,11.03,clear sky
553,Dalvik,IS,65.9702,-18.5286,44.53,82,98,1.72,overcast clouds
554,Ferme-Neuve,CA,46.7001,-75.4493,55.78,83,100,9.89,overcast clouds
555,Vila Velha,BR,-20.3297,-40.2925,84.15,69,75,13.8,broken clouds
556,Kloulklubed,PW,7.0419,134.2556,75.7,78,100,17.49,overcast clouds
557,Bambanglipuro,ID,-7.95,110.2833,78.15,87,69,2.42,broken clouds
558,Klaksvik,FO,62.2266,-6.589,43.72,85,90,18.97,overcast clouds
559,Ouesso,CG,1.6136,16.0517,80.74,66,89,5.01,overcast clouds
560,Doha,QA,25.2867,51.5333,85.98,37,100,20.71,dust
561,Tabou,CI,4.423,-7.3528,82.06,77,100,6.76,light rain
562,Mount Isa,AU,-20.7333,139.5,69.57,100,100,4.61,overcast clouds
563,Mindelo,CV,16.8901,-24.9804,80.15,57,20,18.41,few clouds
564,Najran,SA,17.4924,44.1277,77.65,40,23,4.45,light rain
565,Leshukonskoye,RU,64.8989,45.7622,33.78,89,100,1.63,overcast clouds
566,Kaduqli,SD,11.0167,29.7167,95.27,23,92,8.32,overcast clouds
567,Port Hedland,AU,-20.3167,118.5667,73.45,83,70,8.05,broken clouds
568,Kruisfontein,ZA,-34.0033,24.7314,56.88,78,65,7.38,broken clouds
569,Santiago Del Estero,AR,-27.7951,-64.2615,89.47,48,0,5.53,clear sky
570,Pahalgam,IN,34.0333,75.3333,42.6,86,100,6.44,moderate rain
571,Lorengau,PG,-2.0226,147.2712,80.29,82,95,7.78,overcast clouds
572,Ossora,RU,59.2353,163.0719,27.09,95,100,13.38,light snow
573,Scarborough,GB,54.2797,-0.4044,51.37,80,95,4.0,overcast clouds
574,Vigrestad,NO,58.5667,5.7,51.82,80,76,13.44,broken clouds
575,Chumikan,RU,54.7183,135.315,21.97,92,8,5.75,clear sky
576,Ayorou,NE,14.7308,0.9174,104.52,5,8,8.97,clear sky
577,Vermilion,US,40.1667,-87.7506,59.61,61,75,10.36,broken clouds
578,Kikwit,CD,-5.041,18.8162,75.22,88,98,3.09,moderate rain
579,Puerto Escondido,MX,15.85,-97.0667,86.83,70,20,9.22,few clouds
580,Buala,SB,-8.145,159.5921,80.17,82,92,4.56,overcast clouds
581,Porgera,PG,-5.4667,143.2,41.9,99,100,1.45,overcast clouds
582,Anloga,GH,5.7947,0.8973,84.43,72,16,7.92,few clouds
583,Havoysund,NO,70.9963,24.6622,32.23,81,71,22.84,light snow
584,Luang Prabang,LA,19.8856,102.1347,76.86,80,8,2.01,clear sky
585,Harper,LR,4.375,-7.7169,81.18,81,100,6.93,light rain
586,Pangnirtung,CA,66.1451,-65.7125,23.0,93,100,24.16,light snow
587,Aykhal,RU,66.0,111.5,10.02,93,90,3.58,overcast clouds
588,Maniitsoq,GL,65.4167,-52.9,29.01,79,100,6.02,overcast clouds
589,Galesong,ID,-5.3166,119.3661,77.02,85,58,6.15,broken clouds
590,Bontang,ID,0.1333,117.5,77.45,89,100,4.92,overcast clouds
591,Bodden Town,KY,19.2833,-81.25,78.8,74,75,17.27,broken clouds
592,Malanje,AO,-9.5402,16.341,68.23,86,82,2.84,light rain
593,Chulumani,BO,-16.4096,-67.5263,81.39,50,78,6.46,broken clouds
594,Murgab,TM,37.4966,61.9714,75.07,50,20,11.5,few clouds
595,Alma,CA,48.5501,-71.6491,46.09,84,100,13.96,overcast clouds
596,Nuuk,GL,64.1835,-51.7216,32.61,74,75,4.61,broken clouds
597,Atambua,ID,-9.1061,124.8925,70.54,74,98,3.67,overcast clouds
598,Shimoni,KE,-4.6476,39.3817,81.88,77,93,8.43,overcast clouds
599,Fenoarivo,MG,-18.933,47.4354,62.67,94,40,9.22,scattered clouds
600,Peru,US,40.7537,-86.0689,56.61,68,100,8.05,overcast clouds
601,Nouadhibou,MR,20.931,-17.0347,69.78,78,0,18.41,clear sky
602,Batagay-Alyta,RU,67.8006,130.4114,3.36,97,100,4.23,overcast clouds
603,Beringovskiy,RU,63.05,179.3167,26.02,96,100,19.64,snow
604,Farmington,US,36.7281,-108.2187,55.2,36,0,7.0,clear sky
605,Rio Brilhante,BR,-21.8019,-54.5464,93.16,35,2,12.97,clear sky
606,Lavumisa,SZ,-27.31,31.892,64.74,95,91,7.2,moderate rain
607,Chulym,RU,55.0997,80.9572,39.87,60,14,4.74,few clouds
608,Goundam,ML,16.4145,-3.6708,98.62,9,0,11.65,clear sky
609,Sinnamary,GF,5.3833,-52.95,83.37,74,97,9.53,overcast clouds
610,Chapada Dos Guimaraes,BR,-15.4606,-55.7497,85.66,43,11,9.4,few clouds
611,Bollnas,SE,61.3482,16.3946,50.94,51,96,7.47,overcast clouds
612,Tommot,RU,58.9564,126.2925,26.2,97,100,0.11,light snow
613,Abalak,RU,58.1286,68.5944,43.43,93,100,2.8,light rain
614,Yumen,CN,40.2833,97.2,54.3,15,48,19.42,scattered clouds
615,Matagami,CA,49.7502,-77.6328,48.31,87,75,11.5,broken clouds
616,Catamarca,AR,-28.4696,-65.7852,90.59,31,0,5.99,clear sky
617,Port Pirie,AU,-33.1833,138.0167,62.69,63,100,10.78,light rain
618,Puerto Del Rosario,ES,28.5004,-13.8627,69.55,68,20,11.5,few clouds
619,Cairns,AU,-16.9167,145.7667,76.06,100,40,2.3,scattered clouds
620,Natal,BR,-5.795,-35.2094,88.02,66,20,14.97,few clouds
621,Kralendijk,BQ,12.15,-68.2667,84.18,70,75,17.27,broken clouds
622,Caiaponia,BR,-16.9567,-51.8103,87.53,41,17,10.16,few clouds
623,Benghazi,LY,32.1167,20.0667,68.77,56,87,20.13,overcast clouds
624,Hobyo,SO,5.3505,48.5268,84.02,70,30,12.26,scattered clouds
625,Keflavik,IS,64.0049,-22.5624,45.03,81,75,10.36,broken clouds
626,Artigas,UY,-30.4,-56.4667,77.16,82,93,15.48,light rain
627,Boa Vista,BR,2.8197,-60.6733,91.38,52,75,6.91,broken clouds
628,Moose Factory,CA,51.2585,-80.6094,50.0,66,100,13.8,overcast clouds
629,Vikulovo,RU,56.8167,70.6107,48.15,47,99,9.35,overcast clouds
630,Kazachinskoye,RU,57.6953,93.2761,27.64,95,58,3.8,broken clouds
631,Kozan,TR,37.4552,35.8157,68.63,69,4,2.37,clear sky
632,Manadhoo,MV,5.7667,73.3833,85.01,68,84,2.39,broken clouds
633,Ankara,TR,39.9199,32.8543,74.59,19,0,3.44,clear sky
634,Flin Flon,CA,54.7682,-101.865,21.04,33,0,8.05,clear sky
635,Ambovombe,MG,-25.1667,46.0833,76.46,69,100,8.61,overcast clouds
636,Mahina,PF,-17.5065,-149.489,76.77,73,20,4.61,light rain
637,Belyy Yar,RU,53.6039,91.3903,32.86,55,6,4.47,smoke
638,Wajima,JP,37.4,136.9,59.68,83,100,6.89,overcast clouds
639,Emerald,AU,-23.5333,148.1667,64.54,100,100,10.36,light rain
640,Jardim,BR,-21.4803,-56.1381,93.79,38,23,11.72,few clouds
641,Mapiripan,CO,2.8892,-72.1256,82.11,76,97,5.32,overcast clouds
642,Alpena,US,45.0617,-83.4327,53.92,60,0,10.36,clear sky
643,Sakakah,SA,29.9697,40.2064,78.37,42,46,8.46,light rain
644,Ucluelet,CA,48.9329,-125.5528,50.09,92,94,1.01,overcast clouds
645,Cabra,ES,37.4725,-4.4421,68.16,46,30,9.62,scattered clouds
646,Bo Phloi,TH,14.3236,99.5161,89.31,60,25,5.59,light rain
647,Palauig,PH,15.435,119.9045,82.96,72,30,3.78,scattered clouds
648,Katsina,NG,12.9894,7.6006,101.44,12,68,7.09,broken clouds
649,Schaffhausen,CH,47.6973,8.6349,56.1,87,98,1.99,light rain
650,Batagay,RU,67.6333,134.6333,0.14,99,85,0.76,overcast clouds
651,Jiwani,PK,25.05,61.7417,83.14,73,0,7.54,clear sky
652,Uglovskoye,RU,51.3557,80.1942,43.12,45,100,6.44,overcast clouds
653,Lamu,KE,-2.2717,40.902,84.42,76,100,10.63,overcast clouds
654,Bam,IR,29.106,58.357,85.66,16,44,4.79,scattered clouds
655,Basco,PH,20.4487,121.9702,81.41,86,1,19.1,clear sky
656,Labrea,BR,-7.2586,-64.7981,91.36,53,59,5.64,broken clouds
657,Caravelas,BR,-17.7125,-39.2481,84.22,59,9,7.4,clear sky
658,Iralaya,HN,15.0,-83.2333,80.65,82,17,10.04,few clouds
659,Mosquera,CO,4.7059,-74.2302,57.29,82,100,5.75,light intensity drizzle
660,Oussouye,SN,12.485,-16.5469,109.58,31,3,14.52,clear sky
661,Carmarthen,GB,51.8555,-4.3054,56.68,66,75,3.44,broken clouds
662,Manokwari,ID,-0.8667,134.0833,78.76,81,28,2.35,scattered clouds
663,Fougamou,GA,-1.2154,10.5838,78.17,91,100,1.86,light rain
664,Gawler,AU,-34.6,138.7333,68.22,64,99,9.8,overcast clouds
665,Gao,ML,16.6362,1.637,99.7,7,1,14.05,clear sky
666,Kirensk,RU,57.7853,108.1119,27.75,93,100,4.5,overcast clouds
667,Eyl,SO,7.9803,49.8164,82.53,70,45,10.74,scattered clouds
668,Millinocket,US,45.6573,-68.7098,51.91,50,0,3.44,clear sky
669,Sadiqabad,PK,28.3062,70.1307,95.45,9,5,4.94,clear sky
670,Hanting,CN,36.7708,119.2108,58.96,94,25,11.39,scattered clouds
671,Karasuk,RU,53.7377,78.0403,43.75,44,100,4.94,overcast clouds
672,Ahipara,NZ,-35.1667,173.1667,61.2,84,46,6.93,scattered clouds
673,Half Moon Bay,US,37.4636,-122.4286,66.88,68,0,6.91,mist
674,Mount Darwin,ZW,-16.7725,31.5838,71.02,69,45,2.8,scattered clouds
675,Springbok,ZA,-29.6643,17.8865,57.58,21,0,6.71,clear sky
676,Suez,EG,29.9737,32.5263,76.59,41,0,19.82,clear sky
677,Mazamari,PE,-11.3258,-74.5308,86.56,59,77,1.81,broken clouds
678,Laukaa,RU,58.7372,29.8453,46.74,91,98,6.49,overcast clouds
679,Mengcheng,CN,33.2579,116.5655,61.25,97,74,3.58,broken clouds
680,Kysyl-Syr,RU,63.8986,122.7617,8.31,97,84,2.64,broken clouds
681,Roma,US,43.2128,-75.4557,74.82,43,0,11.5,clear sky
682,Jumla,NP,29.2747,82.1838,51.82,37,4,5.21,clear sky
683,Grand Gaube,MU,-20.0064,57.6608,76.37,68,3,5.01,clear sky
684,Wajir,KE,1.7471,40.0573,89.31,41,95,8.43,overcast clouds
685,Vysokogornyy,RU,50.1167,139.15,15.62,96,63,2.33,broken clouds
686,Namwala,ZM,-15.7504,26.4384,69.57,60,72,4.12,broken clouds
687,Ulaanbaatar,MN,47.9077,106.8832,15.93,67,0,2.24,clear sky
688,Manggar,ID,-2.8833,108.2667,81.57,78,85,1.92,moderate rain
689,Jiexiu,CN,37.0244,111.9125,69.31,37,1,7.45,clear sky
690,Banjar,ID,-8.19,114.9675,77.65,89,37,2.91,scattered clouds
691,Riviere-Au-Renard,CA,48.9957,-64.3971,41.29,94,100,8.23,overcast clouds
692,Liezen,AT,47.5667,14.2333,53.98,82,75,4.07,broken clouds
693,Mama,RU,58.3106,112.8986,23.45,91,100,3.98,overcast clouds
694,Hamilton,US,39.1834,-84.5333,72.88,84,75,14.97,broken clouds
695,Kalnciems,LV,56.8011,23.6097,42.85,86,93,6.53,overcast clouds
696,Marathon,US,44.9,-89.7668,38.73,82,100,14.97,overcast clouds
697,Mangrol,IN,21.1167,70.1167,83.12,62,0,11.32,clear sky
698,Labuhan,ID,-6.8844,112.2051,79.5,85,93,3.85,overcast clouds
699,Bayan,CN,46.0833,127.4,65.61,64,100,21.18,overcast clouds
700,Nhulunbuy,AU,-12.2333,136.7667,77.61,94,10,0.0,clear sky
701,Korba,IN,22.35,82.6833,85.1,13,2,4.9,clear sky
702,Mokshan,RU,53.4365,44.6132,55.62,76,66,9.48,broken clouds
703,Aurad,IN,18.25,77.4333,95.04,22,74,6.87,broken clouds
704,Yerbogachen,RU,61.2767,108.0108,23.16,96,64,3.09,broken clouds
705,Gat,IL,31.61,34.7642,79.39,100,0,8.01,clear sky
706,De Aar,ZA,-30.6497,24.0123,55.56,38,0,8.3,clear sky
707,Kushima,JP,31.4583,131.2333,69.55,97,60,3.74,broken clouds
708,Albanel,CA,48.8832,-72.4487,39.34,81,100,13.8,overcast clouds
709,Akyab,MM,20.15,92.9,83.21,81,23,7.0,few clouds
710,Prainha,BR,-1.8,-53.48,85.44,65,66,3.91,broken clouds
711,Watertown,US,42.3709,-71.1828,64.9,43,0,16.11,clear sky
712,Hovd,MN,48.0056,91.6419,34.03,26,100,1.68,overcast clouds
713,Severo-Yeniseyskiy,RU,60.3725,93.0408,26.83,94,99,13.38,light snow
714,Bira,RU,49.0,132.4667,34.95,94,100,11.05,snow
715,Sucre,BO,-19.0333,-65.2627,71.47,27,15,7.43,few clouds
716,Buenos Aires,AR,-34.6132,-58.3772,78.01,64,0,13.8,clear sky
717,Kati,ML,12.7441,-8.0726,103.41,9,46,8.19,scattered clouds
718,Tefe,BR,-3.3542,-64.7114,82.51,94,40,3.44,scattered clouds
719,Sao Miguel Do Araguaia,BR,-13.275,-50.1628,88.95,48,72,9.1,broken clouds
720,Ingham,US,42.6,-84.3833,56.16,62,100,7.43,overcast clouds
721,Marondera,ZW,-18.1853,31.5519,63.18,69,75,5.48,broken clouds
722,Fethiye,TR,36.6217,29.1164,64.27,60,92,1.92,overcast clouds
723,Sumbe,AO,-11.2061,13.8437,76.8,84,30,5.86,scattered clouds
